epoch,time,train/box_loss,train/pose_loss,train/kobj_loss,train/cls_loss,train/dfl_loss,metrics/precision(B),metrics/recall(B),metrics/mAP50(B),metrics/mAP50-95(B),metrics/precision(P),metrics/recall(P),metrics/mAP50(P),metrics/mAP50-95(P),val/box_loss,val/pose_loss,val/kobj_loss,val/cls_loss,val/dfl_loss,lr/pg0,lr/pg1,lr/pg2
1,19.9453,3.5221,3.7051,0.73142,4.31199,3.24222,0.00025,0.03125,2e-05,1e-05,0.00485,0.65625,0.02434,0.00304,4.09165,4.84802,0.75312,5.33899,3.6731,6.668e-05,6.668e-05,6.668e-05
2,27.4798,3.45034,3.65652,0.72954,4.20574,3.12832,0.00294,0.34375,0.00307,0.00049,0.04648,0.21875,0.07226,0.00768,3.97267,4.79817,0.73064,5.15645,3.3973,0.00014887,0.00014887,0.00014887
3,32.5812,2.53857,3.57528,0.72433,3.07523,2.25706,0.74002,0.46875,0.59463,0.27452,0.25936,0.28125,0.25435,0.03575,2.19235,4.65739,0.71952,5.79875,2.24876,0.00022977,0.00022977,0.00022977
4,36.8067,2.10312,3.42707,0.68492,2.46222,1.95043,0.64816,0.90509,0.92599,0.35723,0.49345,0.48928,0.50252,0.07789,2.19959,4.32809,0.68547,4.23234,2.67895,0.000309381,0.000309381,0.000309381
5,41.0798,2.01924,3.08584,0.72587,2.21711,1.804,0.40338,0.75349,0.56926,0.20623,0.21897,0.40625,0.30792,0.07525,2.31744,4.80713,0.75228,3.39043,2.61824,0.000387703,0.000387703,0.000387703
6,45.8861,1.95221,2.63017,0.71151,2.13391,1.7264,0.52748,0.57184,0.55511,0.24928,0.47028,0.44284,0.42431,0.11999,2.22312,4.10615,0.64243,5.32842,1.99713,0.000464735,0.000464735,0.000464735
7,53.211,1.85272,2.26206,0.65016,2.22921,1.68298,0.56567,0.71875,0.79074,0.35509,0.51957,0.54781,0.41734,0.10846,1.86003,4.38095,0.66866,5.02613,2.4674,0.000540478,0.000540478,0.000540478
8,61.1554,1.82327,2.39484,0.70626,1.87015,1.6754,0.18955,0.5,0.12336,0.03318,0.30772,0.4375,0.16849,0.07653,2.21312,3.81555,0.62477,15.9992,2.52316,0.000614932,0.000614932,0.000614932
9,68.2361,1.81432,1.85548,0.70548,1.85135,1.6753,1,0.34375,0.61521,0.24805,0.45525,0.74441,0.77383,0.28316,2.52019,3.20771,0.48778,8.19818,2.82866,0.000688096,0.000688096,0.000688096
10,72.2962,1.91321,2.20872,0.64074,1.89932,1.77,0.43556,0.6875,0.62872,0.17574,0.51597,0.72785,0.67745,0.23514,2.46892,3.38778,0.51956,8.89783,2.73337,0.000759971,0.000759971,0.000759971
11,76.0974,1.81343,1.80253,0.63861,1.73691,1.63238,0.03341,0.3125,0.02958,0.0059,0.06323,0.88341,0.08595,0.04944,2.98511,3.18944,0.52479,13.7796,3.13606,0.000830557,0.000830557,0.000830557
12,79.9056,1.836,1.87774,0.65831,1.7366,1.69245,0.28846,0.78125,0.43045,0.19081,0.32561,0.875,0.44388,0.29101,1.88472,2.44806,0.43005,3.02461,2.16874,0.000899853,0.000899853,0.000899853
13,83.7447,1.83665,1.75244,0.64507,1.64389,1.64921,0.5384,0.84375,0.5568,0.2386,0.76902,0.85727,0.84415,0.58034,2.20025,2.53613,0.41616,3.95058,2.30653,0.00096786,0.00096786,0.00096786
14,87.7346,1.73009,1.43648,0.63192,1.56938,1.59629,0.44273,0.875,0.56555,0.21773,0.39247,0.78125,0.52856,0.40594,1.98887,1.93448,0.41898,5.97857,2.11629,0.00103458,0.00103458,0.00103458
15,91.5946,1.89304,1.68193,0.6145,1.61232,1.6814,0.64802,0.80336,0.74512,0.36193,0.44323,0.61402,0.52381,0.30159,1.99095,2.70447,0.36175,5.71813,2.33873,0.00110001,0.00110001,0.00110001
16,95.412,1.83522,1.3667,0.58995,1.59876,1.70887,0.53113,0.68225,0.61636,0.24691,0.15297,0.3125,0.2389,0.0909,1.86044,3.6283,0.37294,6.80095,2.07103,0.00116415,0.00116415,0.00116415
17,99.1953,1.75221,1.15779,0.61399,1.60898,1.67863,0.28563,0.75,0.39423,0.16781,0.26366,0.8125,0.34903,0.24786,2.3831,2.74413,0.4829,13.1529,2.41488,0.001227,0.001227,0.001227
18,103.092,1.71597,1.17922,0.56766,1.48813,1.63064,0.12652,0.5,0.1043,0.0461,0.12863,0.46875,0.09112,0.04371,2.52704,3.18198,0.51039,11.5338,2.47195,0.00128856,0.00128856,0.00128856
19,106.956,1.87722,1.26739,0.5831,1.61292,1.70817,0.27235,0.375,0.37362,0.21682,0.33343,0.1875,0.19969,0.09977,2.10794,3.44364,0.37978,11.6284,2.26642,0.00134883,0.00134883,0.00134883
20,110.809,1.7896,1.23843,0.54339,1.49535,1.64807,0.74134,0.93433,0.85249,0.31282,0.71169,0.73767,0.68608,0.51868,1.92385,2.78251,0.2688,3.31171,2.22355,0.00140781,0.00140781,0.00140781
21,114.82,1.82692,1.02364,0.56069,1.58983,1.66553,0.53112,0.96875,0.82145,0.36213,0.409,0.78125,0.68862,0.45305,1.6821,2.62055,0.22066,3.348,2.04084,0.00140914,0.00140914,0.00140914
22,118.651,1.73121,1.00096,0.53508,1.54336,1.63473,0.68842,0.79136,0.77147,0.34718,0.55408,0.71875,0.53884,0.40518,1.61044,2.2017,0.2111,2.38747,1.97117,0.00139624,0.00139624,0.00139624
23,122.465,1.73084,1.15607,0.5411,1.54868,1.64723,0.59779,0.88059,0.91658,0.42152,0.47332,0.54756,0.5012,0.43977,1.87273,3.73813,0.29099,3.28264,2.07798,0.00138335,0.00138335,0.00138335
24,126.5,1.79699,1.00333,0.54207,1.54569,1.64505,0.49243,0.6875,0.4901,0.22866,0.54953,0.7673,0.56681,0.47203,1.96439,1.65487,0.38882,7.19588,1.95281,0.00137046,0.00137046,0.00137046
25,130.299,1.70046,0.95274,0.51692,1.42184,1.58128,0.59743,0.84489,0.70841,0.30629,0.6164,0.84375,0.70711,0.64253,1.93584,1.3609,0.38158,6.49197,1.99699,0.00135756,0.00135756,0.00135756
26,134.117,1.71879,1.01277,0.49154,1.41749,1.61441,0.70431,0.67228,0.81765,0.32007,0.81554,0.6875,0.81586,0.63195,2.23823,1.31999,0.54445,4.6479,2.55559,0.00134467,0.00134467,0.00134467
27,138.151,1.78472,1.0151,0.51354,1.49658,1.64112,0.81509,0.79313,0.84999,0.45629,0.8038,0.80444,0.80531,0.68444,1.80968,1.11522,0.19643,3.91364,2.05798,0.00133178,0.00133178,0.00133178
28,142.141,1.69008,0.71023,0.47188,1.34202,1.59744,0.77756,0.80275,0.84087,0.35279,0.76889,0.80343,0.83021,0.68293,2.20678,1.53982,0.24062,2.71724,2.56113,0.00131888,0.00131888,0.00131888
29,145.882,1.80366,0.95586,0.5256,1.44556,1.66489,0.89732,0.84375,0.84447,0.38914,0.85007,0.8125,0.80068,0.67403,2.07939,1.97822,0.3026,2.36283,2.31503,0.00130599,0.00130599,0.00130599
30,149.599,1.80698,0.75222,0.50539,1.45944,1.65694,0.86105,0.75,0.76616,0.3896,0.82821,0.71875,0.74285,0.62987,1.69167,1.6286,0.32767,1.89704,1.89373,0.0012931,0.0012931,0.0012931
31,153.971,1.67561,1.05502,0.49998,1.43981,1.55057,0.87869,0.80398,0.77473,0.38763,0.84838,0.77396,0.73402,0.5548,1.80635,1.92289,0.34329,1.69617,1.8155,0.0012802,0.0012802,0.0012802
32,159.405,1.61769,0.91652,0.5019,1.38479,1.54102,0.94654,0.875,0.89078,0.45956,0.91605,0.84375,0.8255,0.72624,1.53193,1.23317,0.19641,2.0217,1.78606,0.00126731,0.00126731,0.00126731
33,163.424,1.57097,0.74998,0.46474,1.26491,1.51366,0.99097,0.97134,0.995,0.49511,0.92941,0.9105,0.89363,0.79264,1.65981,1.15129,0.17028,1.48943,1.93515,0.00125442,0.00125442,0.00125442
34,167.325,1.68417,0.9137,0.43542,1.35562,1.60102,0.87371,0.96875,0.93786,0.52439,0.84459,0.9375,0.89226,0.84641,1.45578,0.98475,0.14833,1.41199,1.83833,0.00124152,0.00124152,0.00124152
35,171.203,1.59414,0.87861,0.44647,1.30214,1.52177,0.87397,0.96875,0.93856,0.45865,0.83985,0.9375,0.87165,0.81744,1.58224,1.01098,0.14586,1.75834,1.92952,0.00122863,0.00122863,0.00122863
36,175.114,1.58258,0.89432,0.43588,1.30736,1.56671,0.7686,0.9375,0.92518,0.46683,0.7303,0.90625,0.81848,0.77855,1.75461,1.24677,0.26793,2.02341,1.95533,0.00121574,0.00121574,0.00121574
37,178.98,1.64453,0.61834,0.41901,1.27267,1.53637,0.78649,1,0.93001,0.44176,0.72761,0.9375,0.81876,0.67721,1.84199,1.52548,0.3074,1.90183,1.99067,0.00120284,0.00120284,0.00120284
38,182.847,1.58309,0.89795,0.41911,1.22107,1.50485,0.861,1,0.98633,0.34346,0.80004,0.9375,0.88525,0.8162,2.1564,1.20356,0.27326,2.07571,2.22731,0.00118995,0.00118995,0.00118995
39,186.647,1.61547,0.7043,0.417,1.25745,1.54404,0.78714,0.96875,0.94988,0.41061,0.72625,0.90625,0.85863,0.81084,1.93569,1.07798,0.27293,1.72515,1.98025,0.00117706,0.00117706,0.00117706
40,190.495,1.59515,0.64202,0.44604,1.2504,1.58327,0.93244,0.9375,0.93791,0.54106,0.90168,0.90625,0.87752,0.74828,1.40859,1.39378,0.15548,1.23755,1.73316,0.00116417,0.00116417,0.00116417
41,194.163,1.60201,0.66007,0.37755,1.2167,1.58725,0.94129,0.96875,0.94895,0.5313,0.81756,0.84375,0.77702,0.59104,1.45684,2.0158,0.18239,1.23207,1.7472,0.00115127,0.00115127,0.00115127
42,198.614,1.62472,0.78995,0.37796,1.21132,1.55509,0.93563,0.96875,0.96071,0.53856,0.90606,0.9375,0.90284,0.79129,1.55983,1.11257,0.13584,1.42553,1.86941,0.00113838,0.00113838,0.00113838
43,205.148,1.56265,0.72129,0.41645,1.16739,1.55084,0.9734,0.98692,0.995,0.51428,0.91373,0.93427,0.91884,0.78136,1.58071,1.14793,0.12689,1.26453,1.75202,0.00112549,0.00112549,0.00112549
44,209.377,1.64973,0.63308,0.40128,1.27485,1.56578,0.8561,0.9375,0.90405,0.51674,0.82617,0.90625,0.88539,0.80483,1.51901,1.05686,0.3339,1.04219,1.70022,0.00111259,0.00111259,0.00111259
45,213.248,1.58077,0.6441,0.40321,1.21172,1.50776,0.85601,0.9375,0.9093,0.47532,0.82574,0.90625,0.8721,0.81039,1.65968,1.0351,0.19658,1.10829,1.70773,0.0010997,0.0010997,0.0010997
46,217.099,1.65603,0.81584,0.39041,1.31348,1.57785,0.90171,0.96875,0.97246,0.51775,0.87896,0.9375,0.9227,0.83528,1.60083,1.1148,0.19002,1.1552,1.76149,0.00108681,0.00108681,0.00108681
47,221.173,1.57208,0.7886,0.39824,1.21926,1.5458,0.83303,0.95404,0.96582,0.54423,0.80027,0.92376,0.90271,0.79231,1.55456,1.22197,0.17567,1.32231,1.77939,0.00107391,0.00107391,0.00107391
48,227.764,1.62059,0.52953,0.36085,1.27168,1.60816,0.6626,0.89029,0.92106,0.36922,0.63986,0.92799,0.88443,0.73994,2.27226,1.43474,0.59285,1.46976,2.24574,0.00106102,0.00106102,0.00106102
49,233.689,1.51694,0.62213,0.35816,1.16498,1.4738,0.61881,0.59097,0.56067,0.29463,0.90321,0.71299,0.83924,0.63752,2.30561,1.78182,0.57593,1.30939,2.30025,0.00104813,0.00104813,0.00104813
50,239.963,1.50569,0.76961,0.36353,1.19176,1.49547,0.66132,0.75623,0.70315,0.30966,0.86764,0.84375,0.88167,0.69236,2.19978,1.65793,0.60717,1.08405,2.17388,0.00103523,0.00103523,0.00103523
51,245.886,1.57582,0.59631,0.36671,1.19431,1.48278,0.88193,0.84375,0.88228,0.32742,0.914,0.875,0.85517,0.7352,2.16694,1.39845,0.63846,1.02438,2.26503,0.00102234,0.00102234,0.00102234
52,252.063,1.49679,0.61318,0.3569,1.08885,1.45826,0.98777,1,0.995,0.56033,0.92573,0.9375,0.90125,0.87868,1.44165,0.90906,0.16275,0.92395,1.83415,0.00100945,0.00100945,0.00100945
53,258.281,1.53818,0.64592,0.34909,1.1599,1.48179,0.98756,1,0.995,0.52533,0.92589,0.9375,0.89187,0.87496,1.51881,0.87987,0.11479,0.93263,1.82774,0.000996553,0.000996553,0.000996553
54,264.376,1.52876,0.60119,0.36286,1.16731,1.45572,0.98411,1,0.995,0.54853,0.92283,0.9375,0.88503,0.85951,1.43212,0.89549,0.12973,0.90691,1.72902,0.00098366,0.00098366,0.00098366
55,270.623,1.52139,0.45976,0.32965,1.15825,1.49986,0.98486,1,0.995,0.65479,0.92329,0.9375,0.88031,0.85915,1.23896,0.90247,0.13718,0.84687,1.60534,0.000970767,0.000970767,0.000970767
56,274.972,1.48682,0.44401,0.36041,1.15502,1.44917,0.96297,1,0.995,0.63656,0.90174,0.9375,0.88031,0.8733,1.27233,0.8709,0.09001,0.87398,1.73286,0.000957874,0.000957874,0.000957874
57,278.78,1.5158,0.61498,0.32333,1.15733,1.49285,0.9436,1,0.995,0.62742,0.88374,0.9375,0.88437,0.86976,1.27593,0.87991,0.13657,0.87714,1.7098,0.000944981,0.000944981,0.000944981
58,282.488,1.47131,0.54473,0.35347,1.13127,1.43729,0.94555,1,0.995,0.648,0.88555,0.9375,0.88031,0.84514,1.21733,0.91738,0.15286,0.87725,1.58444,0.000932087,0.000932087,0.000932087
59,286.224,1.46246,0.65815,0.34278,1.12043,1.44955,0.95412,0.96875,0.94617,0.62501,0.92335,0.9375,0.89563,0.8143,1.30973,1.03409,0.12774,0.88208,1.52782,0.000919194,0.000919194,0.000919194
60,290.124,1.50895,0.57669,0.32514,1.07234,1.44583,0.98742,1,0.995,0.61423,0.92607,0.9375,0.912,0.83152,1.26555,1.03151,0.12986,0.81269,1.54592,0.000906301,0.000906301,0.000906301
61,293.964,1.50948,0.54351,0.32046,1.08779,1.50145,0.98842,1,0.995,0.6179,0.92688,0.9375,0.90583,0.87539,1.27031,0.89121,0.11952,0.85967,1.54761,0.000893408,0.000893408,0.000893408
62,297.819,1.51064,0.59514,0.28621,1.10424,1.5045,0.98182,1,0.995,0.6311,0.92078,0.9375,0.90835,0.89197,1.25601,0.83446,0.10698,0.83976,1.54464,0.000880515,0.000880515,0.000880515
63,301.68,1.54026,0.49877,0.2989,1.16843,1.49787,0.97798,1,0.995,0.6203,0.91724,0.9375,0.90214,0.8654,1.26026,0.86738,0.09234,0.85413,1.55049,0.000867621,0.000867621,0.000867621
64,305.578,1.46598,0.57527,0.35022,1.13069,1.42535,0.98217,1,0.995,0.56277,0.92105,0.9375,0.90125,0.8656,1.39361,0.87376,0.10125,0.929,1.64386,0.000854728,0.000854728,0.000854728
65,309.407,1.50685,0.63191,0.30117,1.08945,1.45259,0.98718,1,0.995,0.61508,0.92535,0.9375,0.90528,0.87935,1.29046,0.88465,0.09721,0.9167,1.57055,0.000841835,0.000841835,0.000841835
66,313.141,1.49885,0.51142,0.29995,1.12804,1.4597,0.99095,1,0.995,0.6467,0.92888,0.9375,0.90229,0.879,1.228,0.9175,0.09811,0.87729,1.50799,0.000828942,0.000828942,0.000828942
67,317.121,1.51784,0.62767,0.33259,1.19344,1.48137,0.96259,0.96875,0.96837,0.63306,0.93157,0.9375,0.90303,0.87326,1.25219,0.93538,0.0918,0.85073,1.46668,0.000816049,0.000816049,0.000816049
68,320.958,1.50373,0.68108,0.28458,1.12932,1.46599,0.95735,0.96875,0.96562,0.62563,0.92658,0.9375,0.89979,0.87983,1.27046,0.91339,0.08438,0.77527,1.53342,0.000803155,0.000803155,0.000803155
69,324.725,1.38504,0.32682,0.30693,1.05841,1.43138,0.98323,1,0.995,0.58491,0.92207,0.9375,0.912,0.89515,1.3967,0.87251,0.07666,0.81775,1.66016,0.000790262,0.000790262,0.000790262
70,328.478,1.51082,0.65025,0.29835,1.14647,1.50681,0.98024,1,0.995,0.5637,0.91952,0.9375,0.91554,0.90788,1.44875,0.8683,0.07994,0.83803,1.73778,0.000777369,0.000777369,0.000777369
71,332.314,1.55113,0.57348,0.28276,1.1156,1.47176,0.9825,1,0.995,0.58767,0.92134,0.9375,0.92446,0.92101,1.4006,0.86757,0.09322,0.79909,1.69946,0.000764476,0.000764476,0.000764476
72,336.134,1.48847,0.4625,0.30891,1.10441,1.46669,0.98384,1,0.995,0.57487,0.92261,0.9375,0.91125,0.88363,1.38117,0.87655,0.11244,0.83495,1.6705,0.000751583,0.000751583,0.000751583
73,340.044,1.45658,0.57964,0.2931,1.02182,1.39265,0.9797,1,0.995,0.57298,0.9188,0.9375,0.91812,0.88478,1.33741,0.88866,0.10457,0.80296,1.63511,0.000738689,0.000738689,0.000738689
74,343.878,1.44147,0.60191,0.28687,1.08974,1.42532,0.98626,1,0.995,0.59334,0.92433,0.9375,0.90801,0.88223,1.34314,0.89815,0.1095,0.7942,1.63755,0.000725796,0.000725796,0.000725796
75,347.651,1.41186,0.65865,0.25673,1.03404,1.37695,0.98852,1,0.995,0.59909,0.92682,0.9375,0.90312,0.87542,1.29244,0.90466,0.12032,0.76187,1.62077,0.000712903,0.000712903,0.000712903
76,351.489,1.45036,0.64391,0.28141,1.05236,1.40074,0.98654,1,0.995,0.62767,0.92491,0.9375,0.89062,0.84987,1.22623,0.87919,0.13638,0.74526,1.57469,0.00070001,0.00070001,0.00070001
77,355.178,1.4068,0.61866,0.28539,0.98425,1.38948,0.98593,1,0.995,0.62595,0.92434,0.9375,0.88375,0.84468,1.29075,0.87786,0.14575,0.72005,1.60117,0.000687117,0.000687117,0.000687117
78,358.971,1.41653,0.49504,0.28349,1.00557,1.44656,0.98534,1,0.995,0.6193,0.92364,0.9375,0.88375,0.8466,1.29112,0.88562,0.15367,0.69416,1.56355,0.000674223,0.000674223,0.000674223
79,362.843,1.36717,0.41302,0.26205,1.03558,1.40847,0.98827,1,0.995,0.60969,0.92655,0.9375,0.89097,0.86157,1.30581,0.87986,0.15143,0.70441,1.53473,0.00066133,0.00066133,0.00066133
80,366.755,1.44642,0.5324,0.22438,1.01454,1.40969,0.98568,1,0.995,0.58995,0.92421,0.9375,0.89458,0.86543,1.34892,0.88669,0.12366,0.81848,1.5293,0.000648437,0.000648437,0.000648437
81,371.673,1.37594,0.42245,0.28274,1.09706,1.42277,0.92328,0.9375,0.93306,0.53119,0.92375,0.9375,0.88375,0.86579,1.41084,0.87758,0.11397,0.90332,1.55938,0.000635544,0.000635544,0.000635544
82,377.955,1.42097,0.41473,0.26029,1.06226,1.38867,0.93914,0.96875,0.94678,0.52622,0.90844,0.9375,0.88031,0.86621,1.43189,0.87386,0.09668,0.87691,1.58832,0.000622651,0.000622651,0.000622651
83,383.89,1.41738,0.35433,0.25069,1.00598,1.40249,0.96289,1,0.995,0.5788,0.90163,0.9375,0.88375,0.87459,1.38075,0.86019,0.08627,0.82293,1.58112,0.000609757,0.000609757,0.000609757
84,390.526,1.33582,0.58684,0.28321,1.00006,1.39701,0.98037,1,0.995,0.60197,0.91889,0.9375,0.88437,0.8745,1.23824,0.82834,0.10424,0.73033,1.47753,0.000596864,0.000596864,0.000596864
85,396.469,1.38555,0.46326,0.24783,0.96925,1.39178,0.9536,0.96875,0.96002,0.59842,0.92275,0.9375,0.89062,0.86962,1.21742,0.8484,0.11289,0.71601,1.45516,0.000583971,0.000583971,0.000583971
86,402.831,1.39775,0.44354,0.23326,0.94748,1.416,0.95565,0.96875,0.95999,0.6052,0.92479,0.9375,0.89392,0.87705,1.22,0.86875,0.10543,0.72279,1.4484,0.000571078,0.000571078,0.000571078
87,408.897,1.36957,0.60242,0.24303,1.02843,1.39533,0.95612,0.96875,0.96296,0.62964,0.92513,0.9375,0.89729,0.87943,1.26226,0.86522,0.09728,0.75073,1.46148,0.000558185,0.000558185,0.000558185
88,415.324,1.44842,0.47856,0.22081,0.96421,1.40821,0.98513,1,0.995,0.63047,0.92367,0.9375,0.89062,0.87377,1.28185,0.85649,0.08564,0.76367,1.50022,0.000545291,0.000545291,0.000545291
89,421.53,1.48608,0.47586,0.25709,1.01098,1.45577,0.98477,1,0.995,0.63601,0.92333,0.9375,0.89392,0.87563,1.20112,0.8572,0.07942,0.74078,1.48683,0.000532398,0.000532398,0.000532398
90,427.577,1.44905,0.33501,0.2621,1.01014,1.41323,0.98576,1,0.995,0.65243,0.92455,0.9375,0.88437,0.87279,1.16989,0.84423,0.07156,0.71114,1.48434,0.000519505,0.000519505,0.000519505
91,433.58,1.4269,0.53367,0.21574,0.96056,1.40802,0.9862,1,0.995,0.63107,0.925,0.9375,0.88031,0.87294,1.19428,0.85131,0.06757,0.71989,1.48724,0.000506612,0.000506612,0.000506612
92,439.242,1.46576,0.46951,0.25277,1.06829,1.43066,0.96218,0.96875,0.97036,0.60724,0.93115,0.9375,0.88437,0.82626,1.29607,0.95861,0.08476,0.72856,1.50676,0.000493719,0.000493719,0.000493719
93,443.142,1.34623,0.43328,0.25058,0.97599,1.38529,0.96124,0.96875,0.96962,0.58677,0.93019,0.9375,0.89037,0.83627,1.33665,0.95691,0.09266,0.75471,1.51458,0.000480825,0.000480825,0.000480825
94,446.907,1.39603,0.38696,0.2501,0.99931,1.38746,0.94762,0.96875,0.96962,0.59522,0.91623,0.9375,0.88986,0.84624,1.31751,0.91416,0.09708,0.7421,1.49983,0.000467932,0.000467932,0.000467932
95,450.813,1.32359,0.37755,0.20472,0.9587,1.3844,0.95216,0.96875,0.9687,0.64616,0.92107,0.9375,0.88437,0.85764,1.18652,0.88663,0.09123,0.71139,1.44547,0.000455039,0.000455039,0.000455039
96,456.155,1.35603,0.54787,0.23082,0.97443,1.37763,0.99352,1,0.995,0.62713,0.9315,0.9375,0.88813,0.88231,1.20142,0.85628,0.07111,0.65689,1.55702,0.000442146,0.000442146,0.000442146
97,462.162,1.37824,0.47091,0.22414,0.99212,1.39483,0.99299,1,0.995,0.60616,0.931,0.9375,0.91521,0.90676,1.24962,0.86229,0.07462,0.64987,1.59365,0.000429253,0.000429253,0.000429253
98,468.095,1.29036,0.53912,0.23299,0.95157,1.33249,0.99262,1,0.995,0.59767,0.93069,0.9375,0.92457,0.91829,1.26278,0.8773,0.07768,0.65929,1.59924,0.000416359,0.000416359,0.000416359
99,474.142,1.33162,0.48896,0.18993,0.97245,1.36942,0.99325,1,0.995,0.6107,0.93133,0.9375,0.92688,0.90758,1.22861,0.89101,0.07971,0.66307,1.56872,0.000403466,0.000403466,0.000403466
100,480.502,1.32525,0.38015,0.19184,0.9618,1.35293,0.99384,1,0.995,0.63681,0.93166,0.9375,0.92457,0.8903,1.21621,0.87153,0.06159,0.65277,1.49833,0.000390573,0.000390573,0.000390573
101,486.817,1.35159,0.4648,0.22506,1.00523,1.36188,0.99193,1,0.995,0.63084,0.92966,0.9375,0.92661,0.90655,1.24023,0.85529,0.05375,0.6597,1.49294,0.00037768,0.00037768,0.00037768
102,493.066,1.35661,0.54431,0.21092,0.97432,1.35731,0.99061,1,0.995,0.62672,0.92834,0.9375,0.92875,0.91527,1.24572,0.8396,0.0517,0.6609,1.47999,0.000364786,0.000364786,0.000364786
103,499.245,1.33652,0.51575,0.24508,0.95828,1.36942,0.98989,1,0.995,0.61801,0.92763,0.9375,0.92226,0.91272,1.23889,0.82876,0.05396,0.67887,1.46954,0.000351893,0.000351893,0.000351893
104,505.349,1.32701,0.42264,0.21469,0.92232,1.3509,0.99223,1,0.995,0.62678,0.93,0.9375,0.91034,0.90665,1.30121,0.81921,0.06115,0.73888,1.52102,0.000339,0.000339,0.000339
105,509.505,1.3098,0.55956,0.21507,0.96812,1.36768,0.99345,1,0.995,0.61329,0.93122,0.9375,0.90771,0.90391,1.31297,0.81948,0.06287,0.73417,1.5404,0.000326107,0.000326107,0.000326107
106,513.371,1.32047,0.41691,0.1861,0.94297,1.38177,0.99448,1,0.995,0.62292,0.93236,0.9375,0.90801,0.90433,1.29874,0.81953,0.06462,0.74141,1.53251,0.000313214,0.000313214,0.000313214
107,517.133,1.36616,0.38141,0.21423,0.94183,1.35149,0.99276,1,0.995,0.63332,0.93082,0.9375,0.90125,0.89705,1.25977,0.81615,0.06152,0.71625,1.51172,0.00030032,0.00030032,0.00030032
108,520.984,1.30879,0.30278,0.19515,0.89882,1.35945,0.99211,1,0.995,0.63767,0.93028,0.9375,0.90125,0.89298,1.19715,0.81719,0.05992,0.67889,1.48058,0.000287427,0.000287427,0.000287427
109,524.853,1.32137,0.37826,0.20348,0.91869,1.35502,0.94982,0.99669,0.975,0.65106,0.93102,0.9375,0.89403,0.88146,1.15944,0.81944,0.06289,0.66074,1.46389,0.000274534,0.000274534,0.000274534
110,528.692,1.24759,0.41629,0.23294,0.86547,1.31783,0.94997,0.99672,0.975,0.66065,0.93215,0.9375,0.89663,0.88723,1.1355,0.82,0.06483,0.65534,1.44983,0.000261641,0.000261641,0.000261641
111,532.584,1.28254,0.48433,0.18484,0.88228,1.30562,0.94975,0.99685,0.975,0.66765,0.93262,0.9375,0.88813,0.87879,1.14301,0.82375,0.06518,0.64913,1.46217,0.000248748,0.000248748,0.000248748
112,536.471,1.32778,0.38388,0.24954,1.04287,1.40037,0.96318,0.96875,0.95892,0.64253,0.93215,0.9375,0.89458,0.8893,1.15052,0.83095,0.06586,0.65425,1.48095,0.000235854,0.000235854,0.000235854
113,540.271,1.30272,0.39181,0.19889,0.92545,1.34827,0.96297,0.96875,0.95611,0.63781,0.93194,0.9375,0.89822,0.89294,1.17363,0.84818,0.07006,0.66662,1.48892,0.000222961,0.000222961,0.000222961
114,544.197,1.30947,0.45263,0.21441,0.91308,1.31575,0.96253,0.96875,0.95423,0.65007,0.93144,0.9375,0.90072,0.89816,1.19043,0.84636,0.0712,0.65998,1.49331,0.000210068,0.000210068,0.000210068
115,548.265,1.33126,0.46325,0.21232,0.96825,1.37511,0.96236,0.96875,0.96017,0.65602,0.93138,0.9375,0.90072,0.89834,1.21094,0.84724,0.07171,0.6522,1.50763,0.000197175,0.000197175,0.000197175
116,552.293,1.29644,0.27823,0.16933,0.9096,1.32836,0.96156,0.96875,0.95934,0.65276,0.93064,0.9375,0.89822,0.89083,1.20781,0.83043,0.06456,0.64175,1.52053,0.000184282,0.000184282,0.000184282
117,555.962,1.23107,0.44146,0.20749,0.88292,1.31438,0.9615,0.96875,0.96017,0.65144,0.93045,0.9375,0.89097,0.88059,1.20998,0.82804,0.06166,0.64235,1.52805,0.000171388,0.000171388,0.000171388
118,559.819,1.31564,0.38979,0.1823,0.95105,1.33025,0.96215,0.96875,0.96837,0.66469,0.9312,0.9375,0.88031,0.87094,1.19805,0.82659,0.0605,0.64574,1.51737,0.000158495,0.000158495,0.000158495
119,570.361,1.29276,0.58494,0.19867,0.85113,1.42125,0.96246,0.96875,0.97431,0.68882,0.93148,0.9375,0.88031,0.87477,1.19683,0.82955,0.05994,0.65301,1.50911,0.000145602,0.000145602,0.000145602
120,575.042,1.22837,0.51247,0.15828,0.8329,1.40162,0.96337,0.96875,0.97229,0.66831,0.93231,0.9375,0.88031,0.87453,1.21869,0.8334,0.05896,0.66745,1.53417,0.000132709,0.000132709,0.000132709
121,578.834,1.20033,0.49154,0.15141,0.80464,1.36109,0.9478,0.99682,0.97676,0.66199,0.93207,0.9375,0.88031,0.87097,1.22108,0.83698,0.05718,0.67449,1.53835,0.000119816,0.000119816,0.000119816
122,582.562,1.2493,0.48189,0.16085,0.78686,1.41887,0.94819,0.99691,0.98029,0.66006,0.9317,0.9375,0.88031,0.86487,1.23344,0.84592,0.05577,0.67513,1.55085,0.000106922,0.000106922,0.000106922
123,586.414,1.24026,0.41459,0.16626,0.79055,1.39522,0.94846,0.99694,0.97676,0.65684,0.93174,0.9375,0.88031,0.86093,1.24272,0.85176,0.05456,0.67599,1.56547,9.40292e-05,9.40292e-05,9.40292e-05
124,590.353,1.21421,0.44256,0.15452,0.76395,1.41269,0.94838,0.997,0.97676,0.65671,0.93229,0.9375,0.88031,0.85905,1.22709,0.85316,0.05218,0.66554,1.5592,8.1136e-05,8.1136e-05,8.1136e-05
125,594.17,1.2333,0.42286,0.1669,0.77969,1.41491,0.94765,0.99701,0.975,0.66224,0.93262,0.9375,0.88031,0.85964,1.22404,0.84984,0.052,0.65879,1.55713,6.82428e-05,6.82428e-05,6.82428e-05
126,597.968,1.19187,0.47008,0.13531,0.76955,1.34321,0.94737,0.99703,0.975,0.66315,0.93255,0.9375,0.88031,0.86351,1.22679,0.84512,0.05198,0.65218,1.55636,5.53496e-05,5.53496e-05,5.53496e-05
127,601.761,1.17726,0.46955,0.13585,0.75748,1.39116,0.94714,0.9971,0.975,0.66284,0.93225,0.9375,0.88031,0.86713,1.22345,0.84038,0.05241,0.64412,1.5512,4.24564e-05,4.24564e-05,4.24564e-05
128,605.8,1.20743,0.39785,0.12977,0.76426,1.36347,0.99429,1,0.995,0.67393,0.93213,0.9375,0.88031,0.86776,1.21575,0.824,0.05161,0.6289,1.54223,2.95632e-05,2.95632e-05,2.95632e-05
